{"distinct": [[{"description": "galaxy of games 1001 is egames biggest collection of games", "title": "galaxy of games 5000", "price": "19.99", "source": "amazon", "id": "b000hcqqmc", "manufacturer": "2k games"}, {"description": "ultimate puzzle collection includes four full version puzzle games for", "title": "ultimate puzzle games", "price": "19.99", "source": "amazon", "id": "b000bb6f5m", "manufacturer": "valusoft"}], [{"description": "math success deluxe 2008 offers a full set of educatorapproved", "title": "math success deluxe 2008", "price": "49.99", "source": "amazon", "id": "b000q1pyzo", "manufacturer": "topics entertainment"}, {"description": "this software is designed for use with your garmin nuvi", "title": "language guide for nuvi 350", "price": "79.95", "source": "google", "id": "http://www.google.com/base/feeds/snippets/18420557141798984679", "manufacturer": ""}], [{"description": "boost growing minds with the brainbuilding activities of brain playpreschool1st", "title": "brain play preschool-1st grade", "price": "17.9", "source": "google", "id": "http://www.google.com/base/feeds/snippets/3251125238781933155", "manufacturer": ""}, {"description": "the print shop design suite professional edition", "title": "the print shop design suite pro ed sb cs by the print shop", "price": "199.99", "source": "amazon", "id": "b000hed3gm", "manufacturer": "encore software"}], [{"description": "key features kindergarten skills bonus dvd ", "title": "tlc arthur's kindergarten learning system (pc) encore", "price": "19.95", "source": "google", "id": "http://www.google.com/base/feeds/snippets/13637950682292849732", "manufacturer": ""}, {"description": "a collection of 10 engaging amusing and addicting casual games", "title": "casual games pack", "price": "19.99", "source": "amazon", "id": "b000nkklwe", "manufacturer": "egames"}], [{"description": "the beauty of microsoft flight simulator is the boundless geographic", "title": "abacus software s546 usa extreme landscapes for fs2004 and fs2002 - 3cd set", "price": "28.99", "source": "google", "id": "http://www.google.com/base/feeds/snippets/14103278196758021268", "manufacturer": "abacus software"}, {"description": "software testing second edition provides practical insight into the world", "title": "software testing", "price": "28.69", "source": "google", "id": "http://www.google.com/base/feeds/snippets/2318451966318473788", "manufacturer": ""}], [{"description": "vegas 6 combines realtime sd dv and hdv video editing", "title": "sony vegas 6", "price": "599.95", "source": "amazon", "id": "b000e13es0", "manufacturer": "sony pictures digital entertainment"}, {"description": "vegas 6 video editing software  hd video and audio", "title": "sony vegas 6 video editing software professional editing software", "price": "99", "source": "google", "id": "http://www.google.com/base/feeds/snippets/16987363527577090531", "manufacturer": ""}], [{"description": "encore software 10374  puzzle fanatics get ready for your", "title": "encore software 10374 - encore professor fuji's sudoku deluxe - complete product - educational game - 1 user(s) - complete product - standard - pc", "price": "17.97", "source": "google", "id": "http://www.google.com/base/feeds/snippets/9029108187932664886", "manufacturer": ""}, {"description": "you are the doctor emergency room code red legacys latest", "title": "er", "price": "19.99", "source": "amazon", "id": "b0002yitti", "manufacturer": "vivendi universal"}], [{"description": "system requirements multicore intel processor adobe photoshopr extended illustratorr flashr", "title": "adobe cs3 production premium upgrade", "price": "822.99", "source": "google", "id": "http://www.google.com/base/feeds/snippets/2217167988787223405", "manufacturer": ""}, {"description": "system requirements multicore intel processor adobe photoshopr extended illustratorr flashr", "title": "adobe cs3 production premium", "price": "1749.99", "source": "google", "id": "http://www.google.com/base/feeds/snippets/16579315096492817894", "manufacturer": ""}], [{"description": "healthy eating can be easy and convenient and it can", "title": "dvo enterprises inc. cookn low fat", "price": "17.55", "source": "google", "id": "http://www.google.com/base/feeds/snippets/16721626632033099240", "manufacturer": ""}, {"description": "150 printerready decorative 3x5 recipe cards package includes a magnetic", "title": "dvo enterprises inc. cookn cd recipe cards", "price": "17.55", "source": "google", "id": "http://www.google.com/base/feeds/snippets/17640225934406949646", "manufacturer": ""}], [{"description": "software", "title": "software", "price": "274.99", "source": "google", "id": "http://www.google.com/base/feeds/snippets/17738952167997156787", "manufacturer": ""}, {"description": "effective requirements development an endtoend process that workshow to build", "title": "software requirements using the unified process: a practical approach", "price": "44.99", "source": "google", "id": "http://www.google.com/base/feeds/snippets/1679712879515233572", "manufacturer": ""}], [{"description": "featuring ez play today notation turbo music software general midi", "title": "solid gold", "price": "29.95", "source": "google", "id": "http://www.google.com/base/feeds/snippets/18368199696280073853", "manufacturer": ""}, {"description": "punch software 13100  punch ultimate deck  landscape integrates", "title": "punch software 13100 - punch! ultimate deck & landscape - complete product - creativity application - 1 user(s) - complete product - standard - pc", "price": "29.97", "source": "google", "id": "http://www.google.com/base/feeds/snippets/5722368875390495429", "manufacturer": ""}]], "match": [[{"description": "address shows through to save you timejust fold your form", "title": "specialty single window envelopes to match your forms & checks", "price": "81.49", "source": "google", "id": "http://www.google.com/base/feeds/snippets/4035641205473971494", "manufacturer": ""}, {"description": "address shows through to save you timejust fold your form", "title": "specialty single window envelopes to match your forms & checks", "price": "81.49", "source": "google", "id": "http://www.google.com/base/feeds/snippets/3275800275435893193", "manufacturer": ""}], [{"description": "webroot software inc 66410  spyware is the fastest growing", "title": "webroot software inc 66410 - spy sweeper (small box) (win 98 me 2000 xp)", "price": "25.97", "source": "google", "id": "http://www.google.com/base/feeds/snippets/1167394947195166949", "manufacturer": ""}, {"description": "webroot software inc 31250  a sypware infection is no", "title": "webroot software inc 31250 - spy sweeper spanish - win 2000 xp", "price": "25.97", "source": "google", "id": "http://www.google.com/base/feeds/snippets/6054765746746674194", "manufacturer": ""}], [{"description": "wouldnt it be nice to always have exactly the right", "title": "delorme mapping topo usa 6.0 east region", "price": "43.36", "source": "google", "id": "http://www.google.com/base/feeds/snippets/18127050167172376780", "manufacturer": ""}, {"description": "wouldnt it be nice to always have exactly the right", "title": "delorme mapping topo usa 6.0 west region", "price": "43.36", "source": "google", "id": "http://www.google.com/base/feeds/snippets/17907379108807127194", "manufacturer": ""}], [{"description": "standalone realtime strategy game based on viking mythology description standalone", "title": "freeverse software 4001 northland", "price": "19.99", "source": "google", "id": "http://www.google.com/base/feeds/snippets/11499682706399649004", "manufacturer": "freeverse software"}, {"description": "standalone realtime strategy game based on viking mythology description standalone", "title": "freeverse software 4001 northland", "price": "19.99", "source": "google", "id": "http://www.google.com/base/feeds/snippets/10584509515076384561", "manufacturer": "freeverse software"}], [{"description": "coreldrawr graphics suite x3 is trusted by designers and business", "title": "coreldraw graphics suite x3 upgrade (win 98 me nt 2000 xp vista)", "price": "179", "source": "google", "id": "http://www.google.com/base/feeds/snippets/13769671790180310327", "manufacturer": ""}, {"description": "whether youre creating company logos or working toward demanding production", "title": "coreldraw graphics suite x3 upgrade", "price": "179", "source": "amazon", "id": "b000dinb4g", "manufacturer": "corel"}], [{"description": "punch software 42100  the big story is flexibility and", "title": "punch software 42100 - punch! home design architectural series 18 - complete product - architectural - 1 user(s) - complete product - standard - english - pc", "price": "108.97", "source": "google", "id": "http://www.google.com/base/feeds/snippets/12017561125627261759", "manufacturer": ""}, {"description": "architectural series 18 provides innovative new tools to unleash your", "title": "punch software 41100 punch! home design architectural series 18", "price": "118.99", "source": "google", "id": "http://www.google.com/base/feeds/snippets/6247936198343071793", "manufacturer": "punch software"}]]}